likes,date
12,1727413201
4,1727326801
8,1727240401
11,1727154001
9,1727067601
2,1726981201
0,1726912801
19,1726894801
5,1726808401
13,1726722001
18,1726635601
17,1726549201
5,1726462801
19,1726376401
6,1726290001
9,1726203601
9,1726117201
20,1726030801
8,1725944401
46,1725858002
13,1725771601
10,1725685201
8,1725598801
14,1725512401
11,1725426001
34,1725339601
7,1725253201
25,1725166801
6,1725080401
12,1724994001
13,1724907601
18,1724821201
6,1724734801
49,1724648401
6,1724562001
9,1724475601
8,1724389201
11,1724302802
23,1724216401
9,1724130001
7,1724043601
23,1723957201
5,1723870801
7,1723784401
7,1723698001
13,1723611601
6,1723525201
27,1723438801
19,1723352401
11,1723266001
10,1723179601
29,1723093201
3,1723006801
12,1722920401
7,1722834001
13,1722747601
10,1722661201
14,1722574801
3,1722488401
16,1722402001
4,1722315601
12,1722229201
3,1722142800
11,1722056401
5,1721970002
14,1721883601
11,1721797201
16,1721710801
11,1721624401
21,1721566054
27,1721341921
21,1720933201
26,1720846801
6,1720760401
17,1720674001
2,1720612124
9,1720587601
25,1720501201
13,1720414802
30,1720334338
18,1719810001
16,1719723601
7,1719637201
25,1719550801
10,1719464401
18,1719378001
13,1719291601
38,1719205203
12,1719118802
14,1719032402
13,1718946006
13,1718859606
7,1718773206
16,1718686805
4,1718618736
17,1718600405
20,1718514004
18,1718427605
11,1718341206
5,1718254805
9,1718168407
13,1718082006
8,1717995606
9,1717909205
18,1717822805
11,1717736406
21,1717650005
14,1717563606
12,1717495205
2,1717487691
15,1717304404
17,1717218007
34,1717131606
20,1717045205
14,1716958806
19,1716872403
8,1716786003
17,1716699602
18,1716613203
30,1716526803
10,1716440403
10,1716354003
16,1716267603
17,1716181204
18,1716094802
29,1716008403
12,1715922003
18,1715835603
11,1715749203
10,1715662803
11,1715576403
19,1715490002
18,1715403602
34,1715317203
19,1715230806
23,1715144403
14,1715058003
30,1714971603
12,1714885203
25,1714798802
12,1714712403
15,1714626002
12,1714585320
12,1714539603
15,1714453202
14,1714366802
20,1714280402
10,1714194002
38,1714107602
10,1714078189
3,1714035812
23,1714021203
31,1713934802
10,1713848403
15,1713762002
12,1713675602
26,1713589202
14,1713502803
32,1713416403
4,1713330003
28,1713243602
12,1713157203
11,1713093866
59,1712638803
14,1712552402
19,1712466002
15,1712379602
12,1712293203
15,1712206802
23,1712120402
17,1712034004
16,1711947605
12,1711861203
15,1711774803
20,1711688404
14,1711602004
21,1711515604
11,1711429204
23,1711342804
33,1711256402
23,1711170003
15,1711083604
15,1710997204
12,1710910804
21,1710824404
16,1710738004
31,1710651603
25,1710565204
30,1710478804
32,1710392405
15,1710306004
6,1710241493
16,1710219604
14,1710133204
20,1710046803
20,1709960403
22,1709874007
10,1709787604
19,1709701204
10,1709614804
43,1709528405
7,1709442003
8,1709355603
14,1709269204
14,1709182804
11,1709096404
8,1709010004
27,1708923605
26,1708837203
15,1708750803
26,1708664406
16,1708578005
21,1708491605
12,1708405205
22,1708318805
18,1708232404
28,1708146004
12,1708059605
23,1707973205
13,1707886804
20,1707800404
10,1707714005
90,1707627602
10,1707541202
29,1707454803
25,1707423402
14,1706763602
31,1706677202
24,1706590802
18,1706504402
46,1706418001
18,1706331602
16,1706245202
27,1706158803
24,1706072402
26,1705986003
55,1705899603
19,1705813202
20,1705726803
50,1705640403
29,1705554003
15,1705467603
21,1705381202
27,1705294802
19,1705208402
36,1705122002
21,1705035602
24,1704949202
21,1704862802
26,1704776402
20,1704690002
38,1704603602
22,1704517202
22,1704430801
35,1704344401
19,1704258001
19,1704171601
54,1704085201
23,1703998802
31,1703912402
36,1703826002
18,1703739602
16,1703653202
46,1703566802
10,1703480402
33,1703394002
20,1703307602
23,1703221202
11,1703134802
35,1703048403
24,1702962002
39,1702875602
20,1702789202
45,1702702802
19,1702616402
40,1702530002
11,1702443602
33,1702357203
16,1702270803
20,1702184402
22,1702098002
29,1702011603
20,1701925202
12,1701838803
26,1701752405
16,1701666005
40,1701579604
31,1701493204
17,1701406806
20,1701320405
17,1701234004
10,1701147604
13,1701061205
20,1700974805
43,1700888403
23,1700802005
23,1700715604
17,1700629204
28,1700542805
19,1700456405
31,1700370003
31,1700283604
159,1700197204
9,1700110805
56,1700024405
20,1699938005
65,1699851605
24,1699765203
47,1699678804
14,1699592405
25,1699506004
16,1699419605
38,1699333204
18,1699246804
74,1699213641
17,1698993652
37,1698814802
16,1698728402
36,1698642002
18,1698555601
40,1698469201
14,1698382802
37,1698296402
6,1698210002
17,1698123602
14,1698037202
63,1697950801
19,1697864401
26,1697778002
13,1697691601
12,1697605202
24,1697518802
9,1697432402
17,1697346002
10,1697259602
56,1697173201
17,1697086802
14,1697000401
26,1696914002
11,1696827602
23,1696741201
21,1696654802
8,1696568403
16,1696482002
18,1696395602
16,1696309202
8,1696222801
63,1696136401
30,1696050001
18,1695963602
32,1695877201
16,1695790802
18,1695704402
42,1695618002
17,1695531601
19,1695445201
12,1695358801
12,1695272402
7,1695186002
23,1695099601
18,1695013202
14,1694926801
40,1694840401
36,1694754001
9,1694667601
70,1694581202
5,1694494802
14,1694408402
19,1694322001
80,1694235601
11,1694149202
22,1694062802
14,1693976402
10,1693890001
7,1693803602
32,1693717201
13,1693630801
11,1693544402
19,1693458001
14,1693371601
37,1693285201
14,1693198802
5,1693112401
28,1693026001
15,1692939601
17,1692853201
25,1692766801
23,1692680402
12,1692594001
16,1692507601
24,1692421201
8,1692334801
24,1692248401
9,1692162001
26,1692075601
20,1691989201
12,1691902801
40,1691816401
20,1691730001
11,1691643601
28,1691557201
39,1691470801
8,1691384401
31,1691298001
20,1691211601
7,1691125201
35,1691038801
28,1690952401
15,1690866001
23,1690779601
35,1690693201
10,1690606801
6,1690520401
31,1690434001
11,1690347601
17,1690261201
36,1690174802
18,1690088401
27,1690002001
12,1689915601
19,1689829202
15,1689742801
17,1689656401
29,1689570001
8,1689483601
14,1689397201
38,1689310801
26,1689224401
24,1689138001
38,1689051601
12,1688965201
19,1688878801
20,1688792401
17,1688706001
10,1688619601
54,1688533202
20,1688446801
18,1688360401
8,1688274001
14,1688187601
23,1688101201
26,1688014801
16,1687928401
64,1687842002
18,1687788235
16,1687410002
30,1687323601
6,1687237202
28,1687150801
27,1687064401
26,1686978001
20,1686891602
8,1686805201
15,1686718802
16,1686632401
23,1686546002
22,1686459601
21,1686373201
3,1686286801
10,1686200401
6,1686114003
5,1686027603
12,1685941203
25,1685854802
12,1685768402
8,1685682004
19,1685595604
12,1685509203
15,1685422803
12,1685336404
9,1685250003
24,1685163604
18,1685077204
45,1684990804
7,1684904403
7,1684818004
2,1684762959
30,1684558803
17,1684472404
34,1684386004
4,1684299604
4,1684213203
2,1684126804
7,1684040402
31,1683954003
19,1683867604
24,1683781203
7,1683694803
7,1683608405
43,1683522003
5,1683435603
56,1683349203
13,1683262804
49,1683176404
6,1683090004
5,1683003603
3,1682917204
6,1682830803
14,1682744403
4,1682658003
9,1682571603
19,1682485204
15,1682398804
7,1682312404
10,1682226002
37,1682139603
7,1682053204
9,1681977628
3,1681972200
18,1681882234
19,1680325203
14,1680238804
2,1680152404
5,1680066004
4,1679979603
6,1679893203
1,1679806803
9,1679720403
12,1679634003
25,1679547604
5,1679461203
24,1679374805
8,1679288403
8,1679202002
10,1679115603
11,1679029203
20,1678942803
11,1678856403
7,1678770003
15,1678683604
23,1678597203
12,1678510803
10,1678424403
8,1678370402
35,1678338003
5,1678284002
65,1678251606
17,1678197602
10,1678165203
10,1678111203
4,1678078804
11,1678024802
16,1677992403
12,1677938402
24,1677906003
3,1677852003
3,1677819604
10,1677765603
7,1677733203
7,1677679202
8,1677646804
4,1677592803
5,1677560403
8,1677506402
6,1677474003
44,1677313889
36,1677145437
12,1677051091
22,1676965403
5,1676872302
41,1676611320
9,1676532049
45,1676362081
28,1676274302
14,1675925022
17,1675827859
33,1675746002
11,1675712876
22,1675519202
49,1675486802
4,1675432802
27,1675400403
4,1675346402
4,1675314003
4,1675260002
4,1675227603
11,1675173603
10,1675141204
2,1675087203
4,1675054803
3,1675000802
8,1674968402
12,1674914402
4,1674882002
7,1674828002
4,1674795603
3,1674741603
5,1674709203
8,1674655203
13,1674622803
10,1674568802
12,1674536403
16,1674510041
11,1674136802
3,1674104403
13,1674050403
6,1674018003
19,1673964003
8,1673931603
8,1673877602
19,1673845203
7,1673791202
3,1673758802
3,1673704802
29,1673672403
7,1673618402
5,1673586003
5,1673532002
4,1673499603
5,1673445603
7,1673413203
15,1673359203
5,1673326803
8,1673272802
11,1673240403
20,1673186402
7,1673154002
46,1673100002
23,1673067603
8,1673013602
6,1672981203
6,1672927202
8,1672894802
13,1672840802
13,1672808403
4,1672754402
3,1672722002
7,1672668001
5,1672635602
2,1672581601
3,1672549201
3,1672495202
6,1672462803
2,1672408802
8,1672376403
33,1672322402
1,1672290003
1,1672236002
6,1672203603
3,1672149603
11,1672117203
26,1672063202
5,1672030803
7,1671976802
36,1671944402
6,1671890402
9,1671858003
11,1671804003
8,1671771603
29,1671717602
29,1671685203
4,1671631202
5,1671598803
10,1671544803
6,1671512403
5,1671458402
15,1671426004
6,1671259333
30,1670993593
24,1670853184
7,1670385300
15,1670310185
20,1670043603
22,1669989603
8,1669957203
10,1669903203
18,1669870803
3,1669816803
10,1669784403
5,1669730403
7,1669698003
7,1669644002
27,1669611603
9,1669557602
7,1669525203
6,1669471202
12,1669438803
4,1669384802
13,1669352403
5,1669298402
8,1669266003
12,1669212002
10,1669179603
5,1669125603
3,1669093203
8,1669039203
11,1669006803
22,1668952802
4,1668920402
7,1668866402
8,1668834003
5,1668780003
6,1668747603
22,1668693602
5,1668661203
7,1668607203
9,1668574803
7,1668520802
11,1668488403
6,1668434402
10,1668402003
25,1668348002
52,1668315602
8,1668261602
5,1668229202
4,1668175203
2,1668142802
4,1668088802
5,1668056402
5,1668002402
9,1667970003
8,1667916002
26,1667883603
5,1667829602
8,1667797202
21,1667743202
5,1667710802
6,1667656802
8,1667624402
8,1667570402
51,1667538003
4,1667484002
6,1667451602
15,1667397602
11,1667365202
18,1667311202
9,1667278803
11,1667224802
7,1667192402
24,1667138401
7,1667106001
8,1667052001
5,1667019602
66,1666965603
7,1666933203
7,1666879202
42,1666846802
5,1666792802
10,1666760403
5,1666706403
6,1666674002
6,1666620002
7,1666587603
30,1666533602
7,1666501202
7,1666447202
3,1666414802
9,1666360802
5,1666328403
5,1666274402
8,1666242002
8,1666188002
4,1666155602
6,1666101602
4,1666069202
8,1666015202
6,1665982802
4,1665928802
4,1665896402
18,1665859992
5,1665842402
29,1665810002
7,1665756002
8,1665723603
7,1665669602
2,1665637203
10,1665583202
4,1665550802
2,1665496802
0,1665464402
2,1665410402
18,1665378003
3,1665324001
34,1665291602
4,1665237602
17,1665205202
4,1665151202
16,1665147818
3,1665147791
3,1665147745
11,1665147733
4,1665147718
5,1665147706
4,1665147657
2,1665147617
3,1665147600
3,1665147520
3,1665147494
2,1665147481
6,1665147457
3,1665147425
3,1665147404
2,1665147390
6,1665147306
2,1665147290
4,1665147173
2,1665147155
1,1665147141
1,1665146911
2,1665144179
1,1665143321
